/*
* Create some basic search term - domain - journey data and relationships for test/development
*/

DELETE FROM search_domains;
DELETE FROM search_terms;
DELETE FROM journeys;

INSERT INTO journeys (journey_id, journey_name, published)
VALUES ('b87a0636-654e-11ea-bc55-0242ac130003', 'Linen & Laundry', true),
('ccb5c730-75b5-11ea-bc55-0242ac130003', 'Wider Public Sector Legal Services', true),
('ccb6174e-75b5-11ea-bc55-0242ac130003', 'Tech & EduTech', true),
('63f1b00f-530d-4271-a74d-e584c04d8e1b','FM2 Security',true),
('f08a2055-6502-4d5f-81f8-2e3f111ff7ae','FM2 Housing',true),
('7f7dcab1-9736-4012-960e-03da3b841c4c','FM2 Facilities',true);

drop table if exists temp_domain_values;
create table temp_domain_values (search_term varchar(75),
				 domain_name varchar(50),
				 domain_desc varchar(2000));
								 
drop table if exists temp_journeys;
create table temp_journeys (domain_name varchar(50),
						    journey_uuid uuid);

-- The domain name links to the domain used in the spreadsheet. Have set up this temp table as names in the Journeys are slightly different. Plus
-- Software falls under Tech & Edu Tech annd doesn't have its own journey

INSERT INTO temp_journeys values ('Linen','b87a0636-654e-11ea-bc55-0242ac130003');
INSERT INTO temp_journeys values ('Legal','ccb5c730-75b5-11ea-bc55-0242ac130003'); 
INSERT INTO temp_journeys values ('Technology','ccb6174e-75b5-11ea-bc55-0242ac130003');
INSERT INTO temp_journeys values ('Software','ccb6174e-75b5-11ea-bc55-0242ac130003');
INSERT INTO temp_journeys values ('Security Services','63f1b00f-530d-4271-a74d-e584c04d8e1b');
INSERT INTO temp_journeys values ('Housing','f08a2055-6502-4d5f-81f8-2e3f111ff7ae');
INSERT INTO temp_journeys values ('Facilities Management','7f7dcab1-9736-4012-960e-03da3b841c4c');

insert into temp_domain_values values ('education','Technology','Technology related products from Laptops to printers, including hardware and software');
insert into temp_domain_values values ('education technology','Technology','Technology related products from Laptops to printers, including hardware and software');
insert into temp_domain_values values ('audio visual','Technology','Technology related products from Laptops to printers, including hardware and software');
insert into temp_domain_values values ('technology','Technology','Technology related products from Laptops to printers, including hardware and software');
insert into temp_domain_values values ('ict','Technology','Technology related products from Laptops to printers, including hardware and software');
insert into temp_domain_values values ('Education Technology','Technology','Technology related products from Laptops to printers, including hardware and software');
insert into temp_domain_values values ('Education','Technology','Technology related products from Laptops to printers, including hardware and software');
insert into temp_domain_values values ('ICT','Technology','Technology related products from Laptops to printers, including hardware and software');
insert into temp_domain_values values ('laptop','Technology','Technology related products from Laptops to printers, including hardware and software');
insert into temp_domain_values values ('cabling','Technology','Technology related products from Laptops to printers, including hardware and software');
insert into temp_domain_values values ('school','Technology','Technology related products from Laptops to printers, including hardware and software');
insert into temp_domain_values values ('training','Technology','Technology related products from Laptops to printers, including hardware and software');
insert into temp_domain_values values ('software','Technology','Technology related products from Laptops to printers, including hardware and software');
insert into temp_domain_values values ('broadband','Technology','Technology related products from Laptops to printers, including hardware and software');
insert into temp_domain_values values ('EDUCATION','Technology','Technology related products from Laptops to printers, including hardware and software');
insert into temp_domain_values values ('schools','Technology','Technology related products from Laptops to printers, including hardware and software');
insert into temp_domain_values values ('laptops','Technology','Technology related products from Laptops to printers, including hardware and software');
insert into temp_domain_values values ('network','Technology','Technology related products from Laptops to printers, including hardware and software');
insert into temp_domain_values values ('audio','Technology','Technology related products from Laptops to printers, including hardware and software');
insert into temp_domain_values values ('signage','Technology','Technology related products from Laptops to printers, including hardware and software');
insert into temp_domain_values values ('Audio Visual','Technology','Technology related products from Laptops to printers, including hardware and software');
insert into temp_domain_values values ('education tech','Technology','Technology related products from Laptops to printers, including hardware and software');
insert into temp_domain_values values ('firewall','Technology','Technology related products from Laptops to printers, including hardware and software');
insert into temp_domain_values values ('EDUCATION TECH','Technology','Technology related products from Laptops to printers, including hardware and software');
insert into temp_domain_values values ('it','Technology','Technology related products from Laptops to printers, including hardware and software');
insert into temp_domain_values values ('technology services','Technology','Technology related products from Laptops to printers, including hardware and software');
insert into temp_domain_values values ('Audio visual','Technology','Technology related products from Laptops to printers, including hardware and software');
insert into temp_domain_values values ('AUDIO VISUAL','Technology','Technology related products from Laptops to printers, including hardware and software');
insert into temp_domain_values values ('education ','Technology','Technology related products from Laptops to printers, including hardware and software');
insert into temp_domain_values values ('Education technology','Technology','Technology related products from Laptops to printers, including hardware and software');
insert into temp_domain_values values ('hardware','Technology','Technology related products from Laptops to printers, including hardware and software');
insert into temp_domain_values values ('print','Technology','Technology related products from Laptops to printers, including hardware and software');
insert into temp_domain_values values ('/agreements/search/2?q=','Technology','Technology related products from Laptops to printers, including hardware and software');
insert into temp_domain_values values ('Broadband','Technology','Technology related products from Laptops to printers, including hardware and software');
insert into temp_domain_values values ('desktop','Technology','Technology related products from Laptops to printers, including hardware and software');
insert into temp_domain_values values ('digital signage','Technology','Technology related products from Laptops to printers, including hardware and software');
insert into temp_domain_values values ('Education ','Technology','Technology related products from Laptops to printers, including hardware and software');
insert into temp_domain_values values ('fire','Technology','Technology related products from Laptops to printers, including hardware and software');
insert into temp_domain_values values ('Firewall','Technology','Technology related products from Laptops to printers, including hardware and software');
insert into temp_domain_values values ('ict ','Technology','Technology related products from Laptops to printers, including hardware and software');
insert into temp_domain_values values ('networking','Technology','Technology related products from Laptops to printers, including hardware and software');
insert into temp_domain_values values ('printer','Technology','Technology related products from Laptops to printers, including hardware and software');
insert into temp_domain_values values ('Software','Technology','Technology related products from Laptops to printers, including hardware and software');
insert into temp_domain_values values ('tech','Technology','Technology related products from Laptops to printers, including hardware and software');
insert into temp_domain_values values ('academy','Technology','Technology related products from Laptops to printers, including hardware and software');
insert into temp_domain_values values ('Broadband Services','Technology','Technology related products from Laptops to printers, including hardware and software');
insert into temp_domain_values values ('digital','Technology','Technology related products from Laptops to printers, including hardware and software');
insert into temp_domain_values values ('edu','Technology','Technology related products from Laptops to printers, including hardware and software');
insert into temp_domain_values values ('Education tech','Technology','Technology related products from Laptops to printers, including hardware and software');
insert into temp_domain_values values ('EDUCATION TECHNOLOGY','Technology','Technology related products from Laptops to printers, including hardware and software');
insert into temp_domain_values values ('fibre','Technology','Technology related products from Laptops to printers, including hardware and software');
insert into temp_domain_values values ('ict for education','Technology','Technology related products from Laptops to printers, including hardware and software');
insert into temp_domain_values values ('ict hardware','Technology','Technology related products from Laptops to printers, including hardware and software');
insert into temp_domain_values values ('infrastructure','Technology','Technology related products from Laptops to printers, including hardware and software');
insert into temp_domain_values values ('IT','Technology','Technology related products from Laptops to printers, including hardware and software');
insert into temp_domain_values values ('networking ','Technology','Technology related products from Laptops to printers, including hardware and software');
insert into temp_domain_values values ('printers','Technology','Technology related products from Laptops to printers, including hardware and software');
insert into temp_domain_values values ('software ','Technology','Technology related products from Laptops to printers, including hardware and software');
insert into temp_domain_values values ('sound','Technology','Technology related products from Laptops to printers, including hardware and software');
insert into temp_domain_values values ('Technology','Technology','Technology related products from Laptops to printers, including hardware and software');
insert into temp_domain_values values ('technology ','Technology','Technology related products from Laptops to printers, including hardware and software');
insert into temp_domain_values values ('television','Technology','Technology related products from Laptops to printers, including hardware and software');
insert into temp_domain_values values ('Audio','Technology','Technology related products from Laptops to printers, including hardware and software');
insert into temp_domain_values values ('audio visual','Technology','Technology related products from Laptops to printers, including hardware and software');
insert into temp_domain_values values ('audio ','Technology','Technology related products from Laptops to printers, including hardware and software');
insert into temp_domain_values values ('audit','Technology','Technology related products from Laptops to printers, including hardware and software');
insert into temp_domain_values values ('AV','Technology','Technology related products from Laptops to printers, including hardware and software');
insert into temp_domain_values values ('AV ','Technology','Technology related products from Laptops to printers, including hardware and software');
insert into temp_domain_values values ('AVA','Technology','Technology related products from Laptops to printers, including hardware and software');
insert into temp_domain_values values ('benchmarking','Technology','Technology related products from Laptops to printers, including hardware and software');
insert into temp_domain_values values ('bridge','Technology','Technology related products from Laptops to printers, including hardware and software');
insert into temp_domain_values values ('charging','Technology','Technology related products from Laptops to printers, including hardware and software');
insert into temp_domain_values values ('chrome books','Technology','Technology related products from Laptops to printers, including hardware and software');
insert into temp_domain_values values ('coleg gwent','Technology','Technology related products from Laptops to printers, including hardware and software');
insert into temp_domain_values values ('college','Technology','Technology related products from Laptops to printers, including hardware and software');
insert into temp_domain_values values ('communication','Technology','Technology related products from Laptops to printers, including hardware and software');
insert into temp_domain_values values ('Communication ','Technology','Technology related products from Laptops to printers, including hardware and software');
insert into temp_domain_values values ('CONNECT','Technology','Technology related products from Laptops to printers, including hardware and software');
insert into temp_domain_values values ('educa','Technology','Technology related products from Laptops to printers, including hardware and software');
insert into temp_domain_values values ('educaation ','Technology','Technology related products from Laptops to printers, including hardware and software');
insert into temp_domain_values values ('education it','Technology','Technology related products from Laptops to printers, including hardware and software');
insert into temp_domain_values values ('education tec','Technology','Technology related products from Laptops to printers, including hardware and software');
insert into temp_domain_values values ('education technolgy','Technology','Technology related products from Laptops to printers, including hardware and software');
insert into temp_domain_values values ('education technolog','Technology','Technology related products from Laptops to printers, including hardware and software');
insert into temp_domain_values values ('education Technology','Technology','Technology related products from Laptops to printers, including hardware and software');
insert into temp_domain_values values ('educational','Technology','Technology related products from Laptops to printers, including hardware and software');
insert into temp_domain_values values ('EDUCATIONAL','Technology','Technology related products from Laptops to printers, including hardware and software');
insert into temp_domain_values values ('educational ','Technology','Technology related products from Laptops to printers, including hardware and software');
insert into temp_domain_values values ('furniture','Technology','Technology related products from Laptops to printers, including hardware and software');
insert into temp_domain_values values ('government education technology','Technology','Technology related products from Laptops to printers, including hardware and software');
insert into temp_domain_values values ('HARDWARE','Technology','Technology related products from Laptops to printers, including hardware and software');
insert into temp_domain_values values ('Ict','Technology','Technology related products from Laptops to printers, including hardware and software');
insert into temp_domain_values values ('ICT HARDWARE','Technology','Technology related products from Laptops to printers, including hardware and software');
insert into temp_domain_values values ('ICT in schools','Technology','Technology related products from Laptops to printers, including hardware and software');
insert into temp_domain_values values ('ICT services','Technology','Technology related products from Laptops to printers, including hardware and software');
insert into temp_domain_values values ('ICT Services for educ','Technology','Technology related products from Laptops to printers, including hardware and software');
insert into temp_domain_values values ('ICT Services for Education','Technology','Technology related products from Laptops to printers, including hardware and software');
insert into temp_domain_values values ('INFRASTRUCTURE','Technology','Technology related products from Laptops to printers, including hardware and software');
insert into temp_domain_values values ('installation','Technology','Technology related products from Laptops to printers, including hardware and software');
insert into temp_domain_values values ('interactive','Technology','Technology related products from Laptops to printers, including hardware and software');
insert into temp_domain_values values ('Interactive ','Technology','Technology related products from Laptops to printers, including hardware and software');
insert into temp_domain_values values ('internet','Technology','Technology related products from Laptops to printers, including hardware and software');
insert into temp_domain_values values ('LAPTOP','Technology','Technology related products from Laptops to printers, including hardware and software');
insert into temp_domain_values values ('Laptops','Technology','Technology related products from Laptops to printers, including hardware and software');
insert into temp_domain_values values ('mis','Technology','Technology related products from Laptops to printers, including hardware and software');
insert into temp_domain_values values ('MIS','Technology','Technology related products from Laptops to printers, including hardware and software');
insert into temp_domain_values values ('nec','Technology','Technology related products from Laptops to printers, including hardware and software');
insert into temp_domain_values values ('net','Technology','Technology related products from Laptops to printers, including hardware and software');
insert into temp_domain_values values ('phe','Technology','Technology related products from Laptops to printers, including hardware and software');
insert into temp_domain_values values ('PRINT','Technology','Technology related products from Laptops to printers, including hardware and software');
insert into temp_domain_values values ('safety','Technology','Technology related products from Laptops to printers, including hardware and software');
insert into temp_domain_values values ('Schools','Technology','Technology related products from Laptops to printers, including hardware and software');
insert into temp_domain_values values ('soft','Technology','Technology related products from Laptops to printers, including hardware and software');
insert into temp_domain_values values ('solutions','Technology','Technology related products from Laptops to printers, including hardware and software');
insert into temp_domain_values values ('switche','Technology','Technology related products from Laptops to printers, including hardware and software');
insert into temp_domain_values values ('tables','Technology','Technology related products from Laptops to printers, including hardware and software');
insert into temp_domain_values values ('TABLES','Technology','Technology related products from Laptops to printers, including hardware and software');
insert into temp_domain_values values ('TECHNOLOGY','Technology','Technology related products from Laptops to printers, including hardware and software');
insert into temp_domain_values values ('technology products','Technology','Technology related products from Laptops to printers, including hardware and software');
insert into temp_domain_values values ('Technology Services','Technology','Technology related products from Laptops to printers, including hardware and software');
insert into temp_domain_values values ('technology services ','Technology','Technology related products from Laptops to printers, including hardware and software');
insert into temp_domain_values values ('tele','Technology','Technology related products from Laptops to printers, including hardware and software');
insert into temp_domain_values values ('TELEVISION','Technology','Technology related products from Laptops to printers, including hardware and software');
insert into temp_domain_values values ('testing','Technology','Technology related products from Laptops to printers, including hardware and software');
insert into temp_domain_values values ('train','Technology','Technology related products from Laptops to printers, including hardware and software');
insert into temp_domain_values values ('TRAINING','Technology','Technology related products from Laptops to printers, including hardware and software');
insert into temp_domain_values values ('trolley','Technology','Technology related products from Laptops to printers, including hardware and software');
insert into temp_domain_values values ('universities','Technology','Technology related products from Laptops to printers, including hardware and software');
insert into temp_domain_values values ('visual','Technology','Technology related products from Laptops to printers, including hardware and software');
insert into temp_domain_values values ('whiteboards','Technology','Technology related products from Laptops to printers, including hardware and software');
insert into temp_domain_values values ('Bedsheets','Linen','Bedding, Linen, Clothing');
insert into temp_domain_values values ('cleanroom','Linen','Standard collection, wash, finish and return of buyer owned and hired laundry from the supplier, specialist laundry and cleanroom services.');
insert into temp_domain_values values ('laundry','Linen','Standard collection, wash, finish and return of buyer owned and hired laundry from the supplier, specialist laundry and cleanroom services.');
insert into temp_domain_values values ('laundry services','Linen','Standard collection, wash, finish and return of buyer owned and hired laundry from the supplier, specialist laundry and cleanroom services.');
insert into temp_domain_values values ('linen','Linen','Standard collection, wash, finish and return of buyer owned and hired laundry from the supplier, specialist laundry and cleanroom services.');
insert into temp_domain_values values ('linen hire','Linen','Standard collection, wash, finish and return of buyer owned and hired laundry from the supplier, specialist laundry and cleanroom services.');
insert into temp_domain_values values ('reusable theatre packs','Linen','Standard collection, wash, finish and return of buyer owned and hired laundry from the supplier, specialist laundry and cleanroom services.');
insert into temp_domain_values values ('wash','Linen','Standard collection, wash, finish and return of buyer owned and hired laundry from the supplier, specialist laundry and cleanroom services.');
insert into temp_domain_values values ('linen hire','Linen','Standard collection, wash, finish and return of buyer owned and hired laundry from the supplier, specialist laundry and cleanroom services.');
insert into temp_domain_values values ('bath','Linen','Standard collection, wash, finish and return of buyer owned and hired laundry from the supplier, specialist laundry and cleanroom services.');
insert into temp_domain_values values ('bed','Linen','Standard collection, wash, finish and return of buyer owned and hired laundry from the supplier, specialist laundry and cleanroom services.');
insert into temp_domain_values values ('bedding','Linen','Standard collection, wash, finish and return of buyer owned and hired laundry from the supplier, specialist laundry and cleanroom services.');
insert into temp_domain_values values ('globe locums','Linen','Standard collection, wash, finish and return of buyer owned and hired laundry from the supplier, specialist laundry and cleanroom services.');
insert into temp_domain_values values ('gloves','Linen','Standard collection, wash, finish and return of buyer owned and hired laundry from the supplier, specialist laundry and cleanroom services.');
insert into temp_domain_values values ('gowns','Linen','Standard collection, wash, finish and return of buyer owned and hired laundry from the supplier, specialist laundry and cleanroom services.');
insert into temp_domain_values values ('hire','Linen','Standard collection, wash, finish and return of buyer owned and hired laundry from the supplier, specialist laundry and cleanroom services.');
insert into temp_domain_values values ('laundry','Linen','Standard collection, wash, finish and return of buyer owned and hired laundry from the supplier, specialist laundry and cleanroom services.');
insert into temp_domain_values values ('Laundry','Linen','Standard collection, wash, finish and return of buyer owned and hired laundry from the supplier, specialist laundry and cleanroom services.');
insert into temp_domain_values values ('Linen','Linen','Standard collection, wash, finish and return of buyer owned and hired laundry from the supplier, specialist laundry and cleanroom services.');
insert into temp_domain_values values ('Linen and Laundry','Linen','Standard collection, wash, finish and return of buyer owned and hired laundry from the supplier, specialist laundry and cleanroom services.');
insert into temp_domain_values values ('specialist','Linen','Standard collection, wash, finish and return of buyer owned and hired laundry from the supplier, specialist laundry and cleanroom services.');
insert into temp_domain_values values ('waste disposal','Linen','Standard collection, wash, finish and return of buyer owned and hired laundry from the supplier, specialist laundry and cleanroom services.');
insert into temp_domain_values values ('laund','Linen','Standard collection, wash, finish and return of buyer owned and hired laundry from the supplier, specialist laundry and cleanroom services.');
insert into temp_domain_values values ('LAUNDRY','Linen','Standard collection, wash, finish and return of buyer owned and hired laundry from the supplier, specialist laundry and cleanroom services.');
insert into temp_domain_values values ('laundry and linen','Linen','Standard collection, wash, finish and return of buyer owned and hired laundry from the supplier, specialist laundry and cleanroom services.');
insert into temp_domain_values values ('linen and laundry','Linen','Standard collection, wash, finish and return of buyer owned and hired laundry from the supplier, specialist laundry and cleanroom services.');
insert into temp_domain_values values ('laundry services','Linen','Standard collection, wash, finish and return of buyer owned and hired laundry from the supplier, specialist laundry and cleanroom services.');
insert into temp_domain_values values ('linen and laundry','Linen','Standard collection, wash, finish and return of buyer owned and hired laundry from the supplier, specialist laundry and cleanroom services.');
insert into temp_domain_values values ('Laundry','Linen','Standard collection, wash, finish and return of buyer owned and hired laundry from the supplier, specialist laundry and cleanroom services.');
insert into temp_domain_values values ('linen','Linen','Standard collection, wash, finish and return of buyer owned and hired laundry from the supplier, specialist laundry and cleanroom services.');
insert into temp_domain_values values ('laundry','Linen','Standard collection, wash, finish and return of buyer owned and hired laundry from the supplier, specialist laundry and cleanroom services.');
insert into temp_domain_values values ('linen','Linen','Standard collection, wash, finish and return of buyer owned and hired laundry from the supplier, specialist laundry and cleanroom services.');
insert into temp_domain_values values ('laundry','Linen','Standard collection, wash, finish and return of buyer owned and hired laundry from the supplier, specialist laundry and cleanroom services.');
insert into temp_domain_values values ('Security','Software','Computer programs designed to enhance IT security');
insert into temp_domain_values values ('technology products','Technology','Technology related products from Laptops to printers, including hardware and software');
insert into temp_domain_values values ('technology','Technology','Technology related products from Laptops to printers, including hardware and software');
insert into temp_domain_values values ('technology products 2','Technology','Technology related products from Laptops to printers, including hardware and software');
insert into temp_domain_values values ('software','Technology','Technology related products from Laptops to printers, including hardware and software');
insert into temp_domain_values values ('hardware','Technology','Technology related products from Laptops to printers, including hardware and software');
insert into temp_domain_values values ('tech','Technology','Technology related products from Laptops to printers, including hardware and software');
insert into temp_domain_values values ('Technology Products','Technology','Technology related products from Laptops to printers, including hardware and software');
insert into temp_domain_values values ('laptops','Technology','Technology related products from Laptops to printers, including hardware and software');
insert into temp_domain_values values ('Technology Products 2','Technology','Technology related products from Laptops to printers, including hardware and software');
insert into temp_domain_values values ('laptop','Technology','Technology related products from Laptops to printers, including hardware and software');
insert into temp_domain_values values ('tp2','Technology','Technology related products from Laptops to printers, including hardware and software');
insert into temp_domain_values values ('TP2','Technology','Technology related products from Laptops to printers, including hardware and software');
insert into temp_domain_values values ('Technology','Technology','Technology related products from Laptops to printers, including hardware and software');
insert into temp_domain_values values ('technology ','Technology','Technology related products from Laptops to printers, including hardware and software');
insert into temp_domain_values values ('ict','Technology','Technology related products from Laptops to printers, including hardware and software');
insert into temp_domain_values values ('products','Technology','Technology related products from Laptops to printers, including hardware and software');
insert into temp_domain_values values ('Technology products','Technology','Technology related products from Laptops to printers, including hardware and software');
insert into temp_domain_values values ('firewall','Technology','Technology related products from Laptops to printers, including hardware and software');
insert into temp_domain_values values ('server','Technology','Technology related products from Laptops to printers, including hardware and software');
insert into temp_domain_values values ('audio','Technology','Technology related products from Laptops to printers, including hardware and software');
insert into temp_domain_values values ('servers','Technology','Technology related products from Laptops to printers, including hardware and software');
insert into temp_domain_values values ('licence','Technology','Technology related products from Laptops to printers, including hardware and software');
insert into temp_domain_values values ('phones','Technology','Technology related products from Laptops to printers, including hardware and software');
insert into temp_domain_values values ('tech products','Technology','Technology related products from Laptops to printers, including hardware and software');
insert into temp_domain_values values ('computer','Technology','Technology related products from Laptops to printers, including hardware and software');
insert into temp_domain_values values ('computers','Technology','Technology related products from Laptops to printers, including hardware and software');
insert into temp_domain_values values ('technology products ','Technology','Technology related products from Laptops to printers, including hardware and software');
insert into temp_domain_values values ('technology product','Technology','Technology related products from Laptops to printers, including hardware and software');
insert into temp_domain_values values ('phone','Technology','Technology related products from Laptops to printers, including hardware and software');
insert into temp_domain_values values ('disposal','Technology','Technology related products from Laptops to printers, including hardware and software');
insert into temp_domain_values values ('scanner','Technology','Technology related products from Laptops to printers, including hardware and software');
insert into temp_domain_values values ('network','Technology','Technology related products from Laptops to printers, including hardware and software');
insert into temp_domain_values values ('video','Technology','Technology related products from Laptops to printers, including hardware and software');
insert into temp_domain_values values ('ipad','Technology','Technology related products from Laptops to printers, including hardware and software');
insert into temp_domain_values values ('Technology products 2','Technology','Technology related products from Laptops to printers, including hardware and software');
insert into temp_domain_values values ('ICT','Technology','Technology related products from Laptops to printers, including hardware and software');
insert into temp_domain_values values ('security','Software','Computer programs designed to enhance IT security');
insert into temp_domain_values values ('products 2','Technology','Technology related products from Laptops to printers, including hardware and software');
insert into temp_domain_values values ('TECHNOLOGY PRODUCTS 2','Technology','Technology related products from Laptops to printers, including hardware and software');
insert into temp_domain_values values ('technology products 2 ','Technology','Technology related products from Laptops to printers, including hardware and software');
insert into temp_domain_values values ('video conferencing','Technology','Technology related products from Laptops to printers, including hardware and software');
insert into temp_domain_values values ('Hardware','Technology','Technology related products from Laptops to printers, including hardware and software');
insert into temp_domain_values values ('printers','Technology','Technology related products from Laptops to printers, including hardware and software');
insert into temp_domain_values values ('Software','Technology','Technology related products from Laptops to printers, including hardware and software');
insert into temp_domain_values values ('desktop','Technology','Technology related products from Laptops to printers, including hardware and software');
insert into temp_domain_values values ('IT','Technology','Technology related products from Laptops to printers, including hardware and software');
insert into temp_domain_values values ('mobile phones','Technology','Technology related products from Laptops to printers, including hardware and software');
insert into temp_domain_values values ('networks','Technology','Technology related products from Laptops to printers, including hardware and software');
insert into temp_domain_values values ('printer','Technology','Technology related products from Laptops to printers, including hardware and software');
insert into temp_domain_values values ('Tech','Technology','Technology related products from Laptops to printers, including hardware and software');
insert into temp_domain_values values ('microsoft','Technology','Technology related products from Laptops to printers, including hardware and software');
insert into temp_domain_values values ('technology Products','Technology','Technology related products from Laptops to printers, including hardware and software');
insert into temp_domain_values values ('TECHNOLOGY PRODUCTS','Technology','Technology related products from Laptops to printers, including hardware and software');
insert into temp_domain_values values ('Technology Products ','Technology','Technology related products from Laptops to printers, including hardware and software');
insert into temp_domain_values values ('Technology Products 2 ','Technology','Technology related products from Laptops to printers, including hardware and software');
insert into temp_domain_values values ('cable','Technology','Technology related products from Laptops to printers, including hardware and software');
insert into temp_domain_values values ('scanners','Technology','Technology related products from Laptops to printers, including hardware and software');
insert into temp_domain_values values ('TECHNOLOGY','Technology','Technology related products from Laptops to printers, including hardware and software');
insert into temp_domain_values values ('Technology ','Technology','Technology related products from Laptops to printers, including hardware and software');
insert into temp_domain_values values ('technology hardware','Technology','Technology related products from Laptops to printers, including hardware and software');
insert into temp_domain_values values ('devices','Technology','Technology related products from Laptops to printers, including hardware and software');
insert into temp_domain_values values ('print','Technology','Technology related products from Laptops to printers, including hardware and software');
insert into temp_domain_values values ('projector','Technology','Technology related products from Laptops to printers, including hardware and software');
insert into temp_domain_values values ('storage','Technology','Technology related products from Laptops to printers, including hardware and software');
insert into temp_domain_values values ('tablet','Technology','Technology related products from Laptops to printers, including hardware and software');
insert into temp_domain_values values ('ERP','Technology','Technology related products from Laptops to printers, including hardware and software');
insert into temp_domain_values values ('technology prod','Technology','Technology related products from Laptops to printers, including hardware and software');
insert into temp_domain_values values ('telephony','Technology','Technology related products from Laptops to printers, including hardware and software');
insert into temp_domain_values values ('audio visual','Technology','Technology related products from Laptops to printers, including hardware and software');
insert into temp_domain_values values ('catalogue','Technology','Technology related products from Laptops to printers, including hardware and software');
insert into temp_domain_values values ('enterprise agreement','Technology','Technology related products from Laptops to printers, including hardware and software');
insert into temp_domain_values values ('erp','Technology','Technology related products from Laptops to printers, including hardware and software');
insert into temp_domain_values values ('imaging','Technology','Technology related products from Laptops to printers, including hardware and software');
insert into temp_domain_values values ('it','Technology','Technology related products from Laptops to printers, including hardware and software');
insert into temp_domain_values values ('mobile phone','Technology','Technology related products from Laptops to printers, including hardware and software');
insert into temp_domain_values values ('secure disposal','Technology','Technology related products from Laptops to printers, including hardware and software');
insert into temp_domain_values values ('Tech products','Technology','Technology related products from Laptops to printers, including hardware and software');
insert into temp_domain_values values ('Tech Products','Technology','Technology related products from Laptops to printers, including hardware and software');
insert into temp_domain_values values ('Technology products ','Technology','Technology related products from Laptops to printers, including hardware and software');
insert into temp_domain_values values ('Audio','Technology','Technology related products from Laptops to printers, including hardware and software');
insert into temp_domain_values values ('destruction','Technology','Technology related products from Laptops to printers, including hardware and software');
insert into temp_domain_values values ('equipment','Technology','Technology related products from Laptops to printers, including hardware and software');
insert into temp_domain_values values ('fire','Technology','Technology related products from Laptops to printers, including hardware and software');
insert into temp_domain_values values ('infrastructure','Technology','Technology related products from Laptops to printers, including hardware and software');
insert into temp_domain_values values ('Laptop','Technology','Technology related products from Laptops to printers, including hardware and software');
insert into temp_domain_values values ('media','Technology','Technology related products from Laptops to printers, including hardware and software');
insert into temp_domain_values values ('Microsoft','Technology','Technology related products from Laptops to printers, including hardware and software');
insert into temp_domain_values values ('pc','Technology','Technology related products from Laptops to printers, including hardware and software');
insert into temp_domain_values values ('smartphone','Technology','Technology related products from Laptops to printers, including hardware and software');
insert into temp_domain_values values ('techn','Technology','Technology related products from Laptops to printers, including hardware and software');
insert into temp_domain_values values ('technical products','Technology','Technology related products from Laptops to printers, including hardware and software');
insert into temp_domain_values values ('technology pro','Technology','Technology related products from Laptops to printers, including hardware and software');
insert into temp_domain_values values ('technology services','Technology','Technology related products from Laptops to printers, including hardware and software');
insert into temp_domain_values values ('AV','Technology','Technology related products from Laptops to printers, including hardware and software');
insert into temp_domain_values values ('books','Technology','Technology related products from Laptops to printers, including hardware and software');
insert into temp_domain_values values ('DESKTOP','Technology','Technology related products from Laptops to printers, including hardware and software');
insert into temp_domain_values values ('disposals','Technology','Technology related products from Laptops to printers, including hardware and software');
insert into temp_domain_values values ('DPS','Technology','Technology related products from Laptops to printers, including hardware and software');
insert into temp_domain_values values ('encryption','Technology','Technology related products from Laptops to printers, including hardware and software');
insert into temp_domain_values values ('enterprise','Technology','Technology related products from Laptops to printers, including hardware and software');
insert into temp_domain_values values ('it hardware','Technology','Technology related products from Laptops to printers, including hardware and software');
insert into temp_domain_values values ('IT hardware','Technology','Technology related products from Laptops to printers, including hardware and software');
insert into temp_domain_values values ('macbook','Technology','Technology related products from Laptops to printers, including hardware and software');
insert into temp_domain_values values ('MOU','Technology','Technology related products from Laptops to printers, including hardware and software');
insert into temp_domain_values values ('Print','Technology','Technology related products from Laptops to printers, including hardware and software');
insert into temp_domain_values values ('product','Technology','Technology related products from Laptops to printers, including hardware and software');
insert into temp_domain_values values ('Products','Technology','Technology related products from Laptops to printers, including hardware and software');
insert into temp_domain_values values ('SOFTWARE','Technology','Technology related products from Laptops to printers, including hardware and software');
insert into temp_domain_values values ('TECH','Technology','Technology related products from Laptops to printers, including hardware and software');
insert into temp_domain_values values ('technology 2','Technology','Technology related products from Laptops to printers, including hardware and software');
insert into temp_domain_values values ('Technology product','Technology','Technology related products from Laptops to printers, including hardware and software');
insert into temp_domain_values values ('technology services 2','Technology','Technology related products from Laptops to printers, including hardware and software');
insert into temp_domain_values values ('tpas','Technology','Technology related products from Laptops to printers, including hardware and software');
insert into temp_domain_values values ('whiteboards','Technology','Technology related products from Laptops to printers, including hardware and software');
insert into temp_domain_values values ('application','Technology','Technology related products from Laptops to printers, including hardware and software');
insert into temp_domain_values values ('assurance','Technology','Technology related products from Laptops to printers, including hardware and software');
insert into temp_domain_values values ('cabling','Technology','Technology related products from Laptops to printers, including hardware and software');
insert into temp_domain_values values ('camera','Technology','Technology related products from Laptops to printers, including hardware and software');
insert into temp_domain_values values ('corporate','Technology','Technology related products from Laptops to printers, including hardware and software');
insert into temp_domain_values values ('cots','Technology','Technology related products from Laptops to printers, including hardware and software');
insert into temp_domain_values values ('device','Technology','Technology related products from Laptops to printers, including hardware and software');
insert into temp_domain_values values ('Disposal','Technology','Technology related products from Laptops to printers, including hardware and software');
insert into temp_domain_values values ('hardware and software','Technology','Technology related products from Laptops to printers, including hardware and software');
insert into temp_domain_values values ('iPad','Technology','Technology related products from Laptops to printers, including hardware and software');
insert into temp_domain_values values ('IT Hardware','Technology','Technology related products from Laptops to printers, including hardware and software');
insert into temp_domain_values values ('IT infrastructure','Technology','Technology related products from Laptops to printers, including hardware and software');
insert into temp_domain_values values ('it solutions','Technology','Technology related products from Laptops to printers, including hardware and software');
insert into temp_domain_values values ('IT solutions','Technology','Technology related products from Laptops to printers, including hardware and software');
insert into temp_domain_values values ('Laptops','Technology','Technology related products from Laptops to printers, including hardware and software');
insert into temp_domain_values values ('LAPTOPS','Technology','Technology related products from Laptops to printers, including hardware and software');
insert into temp_domain_values values ('licencing','Technology','Technology related products from Laptops to printers, including hardware and software');
insert into temp_domain_values values ('local area network','Technology','Technology related products from Laptops to printers, including hardware and software');
insert into temp_domain_values values ('network infrastructure','Technology','Technology related products from Laptops to printers, including hardware and software');
insert into temp_domain_values values ('packaged software','Technology','Technology related products from Laptops to printers, including hardware and software');
insert into temp_domain_values values ('SAN','Technology','Technology related products from Laptops to printers, including hardware and software');
insert into temp_domain_values values ('Server','Technology','Technology related products from Laptops to printers, including hardware and software');
insert into temp_domain_values values ('speech recognition','Technology','Technology related products from Laptops to printers, including hardware and software');
insert into temp_domain_values values ('tech products 2','Technology','Technology related products from Laptops to printers, including hardware and software');
insert into temp_domain_values values ('Tech Products 2','Technology','Technology related products from Laptops to printers, including hardware and software');
insert into temp_domain_values values ('technolo','Technology','Technology related products from Laptops to printers, including hardware and software');
insert into temp_domain_values values ('TECHNOLOGY ','Technology','Technology related products from Laptops to printers, including hardware and software');
insert into temp_domain_values values ('technology hard','Technology','Technology related products from Laptops to printers, including hardware and software');
insert into temp_domain_values values ('Technology hardware','Technology','Technology related products from Laptops to printers, including hardware and software');
insert into temp_domain_values values ('Technology Hardware','Technology','Technology related products from Laptops to printers, including hardware and software');
insert into temp_domain_values values ('technology Product','Technology','Technology related products from Laptops to printers, including hardware and software');
insert into temp_domain_values values ('technology Products 2','Technology','Technology related products from Laptops to printers, including hardware and software');
insert into temp_domain_values values ('technology products 3','Technology','Technology related products from Laptops to printers, including hardware and software');
insert into temp_domain_values values ('visual','Technology','Technology related products from Laptops to printers, including hardware and software');
insert into temp_domain_values values ('2 (TP2)','Technology','Technology related products from Laptops to printers, including hardware and software');
insert into temp_domain_values values ('3733&limit=20','Technology','Technology related products from Laptops to printers, including hardware and software');
insert into temp_domain_values values ('board','Technology','Technology related products from Laptops to printers, including hardware and software');
insert into temp_domain_values values ('conferencing','Technology','Technology related products from Laptops to printers, including hardware and software');
insert into temp_domain_values values ('DESKTOP ','Technology','Technology related products from Laptops to printers, including hardware and software');
insert into temp_domain_values values ('display','Technology','Technology related products from Laptops to printers, including hardware and software');
insert into temp_domain_values values ('fIREWALL','Technology','Technology related products from Laptops to printers, including hardware and software');
insert into temp_domain_values values ('Firewall','Technology','Technology related products from Laptops to printers, including hardware and software');
insert into temp_domain_values values ('HARDWARE','Technology','Technology related products from Laptops to printers, including hardware and software');
insert into temp_domain_values values ('information assurance','Technology','Technology related products from Laptops to printers, including hardware and software');
insert into temp_domain_values values ('interactive','Technology','Technology related products from Laptops to printers, including hardware and software');
insert into temp_domain_values values ('ipad covers','Technology','Technology related products from Laptops to printers, including hardware and software');
insert into temp_domain_values values ('ipads','Technology','Technology related products from Laptops to printers, including hardware and software');
insert into temp_domain_values values ('IT ','Technology','Technology related products from Laptops to printers, including hardware and software');
insert into temp_domain_values values ('IT Infrastructure','Technology','Technology related products from Laptops to printers, including hardware and software');
insert into temp_domain_values values ('keyboards','Technology','Technology related products from Laptops to printers, including hardware and software');
insert into temp_domain_values values ('LAPTOP','Technology','Technology related products from Laptops to printers, including hardware and software');
insert into temp_domain_values values ('Licence','Technology','Technology related products from Laptops to printers, including hardware and software');
insert into temp_domain_values values ('licences','Technology','Technology related products from Laptops to printers, including hardware and software');
insert into temp_domain_values values ('license','Technology','Technology related products from Laptops to printers, including hardware and software');
insert into temp_domain_values values ('licensing','Technology','Technology related products from Laptops to printers, including hardware and software');
insert into temp_domain_values values ('mac','Technology','Technology related products from Laptops to printers, including hardware and software');
insert into temp_domain_values values ('maintenance','Technology','Technology related products from Laptops to printers, including hardware and software');
insert into temp_domain_values values ('mobile telephone','Technology','Technology related products from Laptops to printers, including hardware and software');
insert into temp_domain_values values ('mobiles','Technology','Technology related products from Laptops to printers, including hardware and software');
insert into temp_domain_values values ('mou','Technology','Technology related products from Laptops to printers, including hardware and software');
insert into temp_domain_values values ('network products','Technology','Technology related products from Laptops to printers, including hardware and software');
insert into temp_domain_values values ('peripherals','Technology','Technology related products from Laptops to printers, including hardware and software');
insert into temp_domain_values values ('project','Technology','Technology related products from Laptops to printers, including hardware and software');
insert into temp_domain_values values ('projectors','Technology','Technology related products from Laptops to printers, including hardware and software');
insert into temp_domain_values values ('router','Technology','Technology related products from Laptops to printers, including hardware and software');
insert into temp_domain_values values ('scan','Technology','Technology related products from Laptops to printers, including hardware and software');
insert into temp_domain_values values ('secure','Technology','Technology related products from Laptops to printers, including hardware and software');
insert into temp_domain_values values ('secure destruction','Technology','Technology related products from Laptops to printers, including hardware and software');
insert into temp_domain_values values ('smart','Technology','Technology related products from Laptops to printers, including hardware and software');
insert into temp_domain_values values ('smartphones','Technology','Technology related products from Laptops to printers, including hardware and software');
insert into temp_domain_values values ('speech','Technology','Technology related products from Laptops to printers, including hardware and software');
insert into temp_domain_values values ('switch','Technology','Technology related products from Laptops to printers, including hardware and software');
insert into temp_domain_values values ('tech services','Technology','Technology related products from Laptops to printers, including hardware and software');
insert into temp_domain_values values ('Technical products 2','Technology','Technology related products from Laptops to printers, including hardware and software');
insert into temp_domain_values values ('technolog','Technology','Technology related products from Laptops to printers, including hardware and software');
insert into temp_domain_values values ('technology&limit=20','Technology','Technology related products from Laptops to printers, including hardware and software');
insert into temp_domain_values values ('technology pr','Technology','Technology related products from Laptops to printers, including hardware and software');
insert into temp_domain_values values ('Technology Product','Technology','Technology related products from Laptops to printers, including hardware and software');
insert into temp_domain_values values ('technology product ','Technology','Technology related products from Laptops to printers, including hardware and software');
insert into temp_domain_values values ('Technology Products & Associated Services=','Technology','Technology related products from Laptops to printers, including hardware and software');
insert into temp_domain_values values ('telephone','Technology','Technology related products from Laptops to printers, including hardware and software');
insert into temp_domain_values values ('touchscreen','Technology','Technology related products from Laptops to printers, including hardware and software');
insert into temp_domain_values values ('Tp2','Technology','Technology related products from Laptops to printers, including hardware and software');
insert into temp_domain_values values ('Video','Technology','Technology related products from Laptops to printers, including hardware and software');
insert into temp_domain_values values ('Video Conferencing','Technology','Technology related products from Laptops to printers, including hardware and software');
insert into temp_domain_values values ('Security','Physical','Manned Gaurding, Physical Personalle');
insert into temp_domain_values values ('Security','Technical','CCTV Support, Camerca Installation');
insert into temp_domain_values values ('Security','Security Services','Physical Security services such as gaurding, or physical presence');
insert into temp_domain_values values ('Security','Technical Security','For example risk assessments, and the design and installation of electronic or physical security systems');
insert into temp_domain_values values ('Alarm','Security Services','For example guarding, patrols, CCTV monitoring and alarm response');
insert into temp_domain_values values ('Barrier','Technical Security','For example risk assessments, and the design and installation of electronic or physical security systems');
insert into temp_domain_values values ('Biometric','Technical Security','For example risk assessments, and the design and installation of electronic or physical security systems');
insert into temp_domain_values values ('Blockers','Security Services','For example guarding, patrols, CCTV monitoring and alarm response');
insert into temp_domain_values values ('Bollard','Security Services','For example guarding, patrols, CCTV monitoring and alarm response');
insert into temp_domain_values values ('Canine','Security Services','For example guarding, patrols, CCTV monitoring and alarm response');
insert into temp_domain_values values ('Cash','Security Services','For example guarding, patrols, CCTV monitoring and alarm response');
insert into temp_domain_values values ('CCTV','Security Services','For example guarding, patrols, CCTV monitoring and alarm response');
insert into temp_domain_values values ('CCTV','Technical Security','For example risk assessments, and the design and installation of electronic or physical security systems');
insert into temp_domain_values values ('closed circuit','Technical Security','For example risk assessments, and the design and installation of electronic or physical security systems');
insert into temp_domain_values values ('Control','Technical Security','For example risk assessments, and the design and installation of electronic or physical security systems');
insert into temp_domain_values values ('Detection','Technical Security','For example risk assessments, and the design and installation of electronic or physical security systems');
insert into temp_domain_values values ('DVR','Technical Security','For example risk assessments, and the design and installation of electronic or physical security systems');
insert into temp_domain_values values ('Electronic','Technical Security','For example risk assessments, and the design and installation of electronic or physical security systems');
insert into temp_domain_values values ('Emergency','Security Services','For example guarding, patrols, CCTV monitoring and alarm response');
insert into temp_domain_values values ('Fence','Security Services','For example guarding, patrols, CCTV monitoring and alarm response');
insert into temp_domain_values values ('Gate','Security Services','For example guarding, patrols, CCTV monitoring and alarm response');
insert into temp_domain_values values ('Guarding','Security Services','For example guarding, patrols, CCTV monitoring and alarm response');
insert into temp_domain_values values ('Intruder','Security Services','For example guarding, patrols, CCTV monitoring and alarm response');
insert into temp_domain_values values ('Intrusion','Technical Security','For example risk assessments, and the design and installation of electronic or physical security systems');
insert into temp_domain_values values ('Key Holding','Security Services','For example guarding, patrols, CCTV monitoring and alarm response');
insert into temp_domain_values values ('Lighting','Technical Security','For example risk assessments, and the design and installation of electronic or physical security systems');
insert into temp_domain_values values ('Lock Up','Security Services','For example guarding, patrols, CCTV monitoring and alarm response');
insert into temp_domain_values values ('Locking','Security Services','For example guarding, patrols, CCTV monitoring and alarm response');
insert into temp_domain_values values ('Monitoring','Security Services','For example guarding, patrols, CCTV monitoring and alarm response');
insert into temp_domain_values values ('Monitoring','Technical Security','For example risk assessments, and the design and installation of electronic or physical security systems');
insert into temp_domain_values values ('NVR','Security Services','For example guarding, patrols, CCTV monitoring and alarm response');
insert into temp_domain_values values ('Panic','Security Services','For example guarding, patrols, CCTV monitoring and alarm response');
insert into temp_domain_values values ('Patrols','Security Services','For example guarding, patrols, CCTV monitoring and alarm response');
insert into temp_domain_values values ('Perimeter','Security Services','For example guarding, patrols, CCTV monitoring and alarm response');
insert into temp_domain_values values ('Physical','Security Services','For example guarding, patrols, CCTV monitoring and alarm response');
insert into temp_domain_values values ('Protection','Security Services','For example guarding, patrols, CCTV monitoring and alarm response');
insert into temp_domain_values values ('Response','Security Services','For example guarding, patrols, CCTV monitoring and alarm response');
insert into temp_domain_values values ('Risk','Security Services','For example guarding, patrols, CCTV monitoring and alarm response');
insert into temp_domain_values values ('Screening','Security Services','For example guarding, patrols, CCTV monitoring and alarm response');
insert into temp_domain_values values ('Security','Security Services','For example guarding, patrols, CCTV monitoring and alarm response');
insert into temp_domain_values values ('Security consultant','Security Services','For example guarding, patrols, CCTV monitoring and alarm response');
insert into temp_domain_values values ('Security services','Security Services','For example guarding, patrols, CCTV monitoring and alarm response');
insert into temp_domain_values values ('Systems','Technical Security','For example risk assessments, and the design and installation of electronic or physical security systems');
insert into temp_domain_values values ('Technical security','Technical Security','For example risk assessments, and the design and installation of electronic or physical security systems');
insert into temp_domain_values values ('Access','Facilities Management','Facility management typically include a wide range of function and support services, including janitorial services');
insert into temp_domain_values values ('AC','Facilities Management','Facility management typically include a wide range of function and support services, including janitorial services');
insert into temp_domain_values values ('AV','Facilities Management','Facility management typically include a wide range of function and support services, including janitorial services');
insert into temp_domain_values values ('Air conditioning','Facilities Management','Facility management typically include a wide range of function and support services, including janitorial services');
insert into temp_domain_values values ('appliance','Facilities Management','Facility management typically include a wide range of function and support services, including janitorial services');
insert into temp_domain_values values ('Archiving','Facilities Management','Facility management typically include a wide range of function and support services, including janitorial services');
insert into temp_domain_values values ('asbestos','Facilities Management','Facility management typically include a wide range of function and support services, including janitorial services');
insert into temp_domain_values values ('asset','Facilities Management','Facility management typically include a wide range of function and support services, including janitorial services');
insert into temp_domain_values values ('waste','Facilities Management','Facility management typically include a wide range of function and support services, including janitorial services');
insert into temp_domain_values values ('Billable','Facilities Management','Facility management typically include a wide range of function and support services, including janitorial services');
insert into temp_domain_values values ('BIM','Facilities Management','Facility management typically include a wide range of function and support services, including janitorial services');
insert into temp_domain_values values ('Building information modelling','Facilities Management','Facility management typically include a wide range of function and support services, including janitorial services');
insert into temp_domain_values values ('Blinds','Facilities Management','Facility management typically include a wide range of function and support services, including janitorial services');
insert into temp_domain_values values ('BMS','Facilities Management','Facility management typically include a wide range of function and support services, including janitorial services');
insert into temp_domain_values values ('Building','Facilities Management','Facility management typically include a wide range of function and support services, including janitorial services');
insert into temp_domain_values values ('cable','Facilities Management','Facility management typically include a wide range of function and support services, including janitorial services');
insert into temp_domain_values values ('Cable','Facilities Management','Facility management typically include a wide range of function and support services, including janitorial services');
insert into temp_domain_values values ('CAFM','Facilities Management','Facility management typically include a wide range of function and support services, including janitorial services');
insert into temp_domain_values values ('car park','Facilities Management','Facility management typically include a wide range of function and support services, including janitorial services');
insert into temp_domain_values values ('Catering','Facilities Management','Facility management typically include a wide range of function and support services, including janitorial services');
insert into temp_domain_values values ('Catering','Facilities Management','Facility management typically include a wide range of function and support services, including janitorial services');
insert into temp_domain_values values ('christmas tree','Facilities Management','Facility management typically include a wide range of function and support services, including janitorial services');
insert into temp_domain_values values ('Classified Waste','Facilities Management','Facility management typically include a wide range of function and support services, including janitorial services');
insert into temp_domain_values values ('Clean  ','Facilities Management','Facility management typically include a wide range of function and support services, including janitorial services');
insert into temp_domain_values values ('Cleaning','Facilities Management','Facility management typically include a wide range of function and support services, including janitorial services');
insert into temp_domain_values values ('Clinical Waste','Facilities Management','Facility management typically include a wide range of function and support services, including janitorial services');
insert into temp_domain_values values ('Clocks','Facilities Management','Facility management typically include a wide range of function and support services, including janitorial services');
insert into temp_domain_values values ('condition','Facilities Management','Facility management typically include a wide range of function and support services, including janitorial services');
insert into temp_domain_values values ('Curtains','Facilities Management','Facility management typically include a wide range of function and support services, including janitorial services');
insert into temp_domain_values values ('Deep  ','Facilities Management','Facility management typically include a wide range of function and support services, including janitorial services');
insert into temp_domain_values values ('Deep cleaning','Facilities Management','Facility management typically include a wide range of function and support services, including janitorial services');
insert into temp_domain_values values ('Deli-Bar','Facilities Management','Facility management typically include a wide range of function and support services, including janitorial services');
insert into temp_domain_values values ('Electrical','Facilities Management','Facility management typically include a wide range of function and support services, including janitorial services');
insert into temp_domain_values values ('Engineering','Facilities Management','Facility management typically include a wide range of function and support services, including janitorial services');
insert into temp_domain_values values ('Environmental','Facilities Management','Facility management typically include a wide range of function and support services, including janitorial services');
insert into temp_domain_values values ('Equipment','Facilities Management','Facility management typically include a wide range of function and support services, including janitorial services');
insert into temp_domain_values values ('External','Facilities Management','Facility management typically include a wide range of function and support services, including janitorial services');
insert into temp_domain_values values ('Fabric','Facilities Management','Facility management typically include a wide range of function and support services, including janitorial services');
insert into temp_domain_values values ('Facilities','Facilities Management','Facility management typically include a wide range of function and support services, including janitorial services');
insert into temp_domain_values values ('Feminine Hygiene Waste','Facilities Management','Facility management typically include a wide range of function and support services, including janitorial services');
insert into temp_domain_values values ('Fire  ','Facilities Management','Facility management typically include a wide range of function and support services, including janitorial services');
insert into temp_domain_values values ('Fire alarm','Facilities Management','Facility management typically include a wide range of function and support services, including janitorial services');
insert into temp_domain_values values ('flag','Facilities Management','Facility management typically include a wide range of function and support services, including janitorial services');
insert into temp_domain_values values ('flowers','Facilities Management','Facility management typically include a wide range of function and support services, including janitorial services');
insert into temp_domain_values values ('FM','Facilities Management','Facility management typically include a wide range of function and support services, including janitorial services');
insert into temp_domain_values values ('Food','Facilities Management','Facility management typically include a wide range of function and support services, including janitorial services');
insert into temp_domain_values values ('General Waste','Facilities Management','Facility management typically include a wide range of function and support services, including janitorial services');
insert into temp_domain_values values ('grounds','Facilities Management','Facility management typically include a wide range of function and support services, including janitorial services');
insert into temp_domain_values values ('Handyman','Facilities Management','Facility management typically include a wide range of function and support services, including janitorial services');
insert into temp_domain_values values ('Hard','Facilities Management','Facility management typically include a wide range of function and support services, including janitorial services');
insert into temp_domain_values values ('Hazardous Waste','Facilities Management','Facility management typically include a wide range of function and support services, including janitorial services');
insert into temp_domain_values values ('Helpdesk','Facilities Management','Facility management typically include a wide range of function and support services, including janitorial services');
insert into temp_domain_values values ('high voltage','Facilities Management','Facility management typically include a wide range of function and support services, including janitorial services');
insert into temp_domain_values values ('Hoist','Facilities Management','Facility management typically include a wide range of function and support services, including janitorial services');
insert into temp_domain_values values ('Horticultural','Facilities Management','Facility management typically include a wide range of function and support services, including janitorial services');
insert into temp_domain_values values ('hospitality','Facilities Management','Facility management typically include a wide range of function and support services, including janitorial services');
insert into temp_domain_values values ('Housekeeping','Facilities Management','Facility management typically include a wide range of function and support services, including janitorial services');
insert into temp_domain_values values ('HVAC','Facilities Management','Facility management typically include a wide range of function and support services, including janitorial services');
insert into temp_domain_values values ('hygiene','Facilities Management','Facility management typically include a wide range of function and support services, including janitorial services');
insert into temp_domain_values values ('ice','Facilities Management','Facility management typically include a wide range of function and support services, including janitorial services');
insert into temp_domain_values values ('inspection','Facilities Management','Facility management typically include a wide range of function and support services, including janitorial services');
insert into temp_domain_values values ('Internal','Facilities Management','Facility management typically include a wide range of function and support services, including janitorial services');
insert into temp_domain_values values ('Kitchen','Facilities Management','Facility management typically include a wide range of function and support services, including janitorial services');
insert into temp_domain_values values ('lamping','Facilities Management','Facility management typically include a wide range of function and support services, including janitorial services');
insert into temp_domain_values values ('lamps','Facilities Management','Facility management typically include a wide range of function and support services, including janitorial services');
insert into temp_domain_values values ('Lift','Facilities Management','Facility management typically include a wide range of function and support services, including janitorial services');
insert into temp_domain_values values ('locksmith','Facilities Management','Facility management typically include a wide range of function and support services, including janitorial services');
insert into temp_domain_values values ('M&E','Facilities Management','Facility management typically include a wide range of function and support services, including janitorial services');
insert into temp_domain_values values ('machine','Facilities Management','Facility management typically include a wide range of function and support services, including janitorial services');
insert into temp_domain_values values ('mail','Facilities Management','Facility management typically include a wide range of function and support services, including janitorial services');
insert into temp_domain_values values ('Mail','Facilities Management','Facility management typically include a wide range of function and support services, including janitorial services');
insert into temp_domain_values values ('Maintenance','Facilities Management','Facility management typically include a wide range of function and support services, including janitorial services');
insert into temp_domain_values values ('Mats','Facilities Management','Facility management typically include a wide range of function and support services, including janitorial services');
insert into temp_domain_values values ('Mechancial','Facilities Management','Facility management typically include a wide range of function and support services, including janitorial services');
insert into temp_domain_values values ('Medical Waste','Facilities Management','Facility management typically include a wide range of function and support services, including janitorial services');
insert into temp_domain_values values ('Messenger','Facilities Management','Facility management typically include a wide range of function and support services, including janitorial services');
insert into temp_domain_values values ('Mobilisation','Facilities Management','Facility management typically include a wide range of function and support services, including janitorial services');
insert into temp_domain_values values ('modelling','Facilities Management','Facility management typically include a wide range of function and support services, including janitorial services');
insert into temp_domain_values values ('office','Facilities Management','Facility management typically include a wide range of function and support services, including janitorial services');
insert into temp_domain_values values ('PAT','Facilities Management','Facility management typically include a wide range of function and support services, including janitorial services');
insert into temp_domain_values values ('periodic','Facilities Management','Facility management typically include a wide range of function and support services, including janitorial services');
insert into temp_domain_values values ('pest','Facilities Management','Facility management typically include a wide range of function and support services, including janitorial services');
insert into temp_domain_values values ('planned','Facilities Management','Facility management typically include a wide range of function and support services, including janitorial services');
insert into temp_domain_values values ('planting','Facilities Management','Facility management typically include a wide range of function and support services, including janitorial services');
insert into temp_domain_values values ('plants','Facilities Management','Facility management typically include a wide range of function and support services, including janitorial services');
insert into temp_domain_values values ('pond','Facilities Management','Facility management typically include a wide range of function and support services, including janitorial services');
insert into temp_domain_values values ('portable','Facilities Management','Facility management typically include a wide range of function and support services, including janitorial services');
insert into temp_domain_values values ('porter ','Facilities Management','Facility management typically include a wide range of function and support services, including janitorial services');
insert into temp_domain_values values ('Porterage','Facilities Management','Facility management typically include a wide range of function and support services, including janitorial services');
insert into temp_domain_values values ('Power','Facilities Management','Facility management typically include a wide range of function and support services, including janitorial services');
insert into temp_domain_values values ('PPM','Facilities Management','Facility management typically include a wide range of function and support services, including janitorial services');
insert into temp_domain_values values ('Reactive','Facilities Management','Facility management typically include a wide range of function and support services, including janitorial services');
insert into temp_domain_values values ('Reception','Facilities Management','Facility management typically include a wide range of function and support services, including janitorial services');
insert into temp_domain_values values ('Recycled Waste','Facilities Management','Facility management typically include a wide range of function and support services, including janitorial services');
insert into temp_domain_values values ('re-lamping','Facilities Management','Facility management typically include a wide range of function and support services, including janitorial services');
insert into temp_domain_values values ('Reprographics','Facilities Management','Facility management typically include a wide range of function and support services, including janitorial services');
insert into temp_domain_values values ('reservoir','Facilities Management','Facility management typically include a wide range of function and support services, including janitorial services');
insert into temp_domain_values values ('restaurant','Facilities Management','Facility management typically include a wide range of function and support services, including janitorial services');
insert into temp_domain_values values ('Risk','Facilities Management','Facility management typically include a wide range of function and support services, including janitorial services');
insert into temp_domain_values values ('river','Facilities Management','Facility management typically include a wide range of function and support services, including janitorial services');
insert into temp_domain_values values ('room','Facilities Management','Facility management typically include a wide range of function and support services, including janitorial services');
insert into temp_domain_values values ('Routine','Facilities Management','Facility management typically include a wide range of function and support services, including janitorial services');
insert into temp_domain_values values ('Service Delivery Plan','Facilities Management','Facility management typically include a wide range of function and support services, including janitorial services');
insert into temp_domain_values values ('SFG20','Facilities Management','Facility management typically include a wide range of function and support services, including janitorial services');
insert into temp_domain_values values ('Signage','Facilities Management','Facility management typically include a wide range of function and support services, including janitorial services');
insert into temp_domain_values values ('snow','Facilities Management','Facility management typically include a wide range of function and support services, including janitorial services');
insert into temp_domain_values values ('soft  ','Facilities Management','Facility management typically include a wide range of function and support services, including janitorial services');
insert into temp_domain_values values ('Soft landings','Facilities Management','Facility management typically include a wide range of function and support services, including janitorial services');
insert into temp_domain_values values ('Specialist','Facilities Management','Facility management typically include a wide range of function and support services, including janitorial services');
insert into temp_domain_values values ('Standby','Facilities Management','Facility management typically include a wide range of function and support services, including janitorial services');
insert into temp_domain_values values ('Statutory   ','Facilities Management','Facility management typically include a wide range of function and support services, including janitorial services');
insert into temp_domain_values values ('Statutory Obligations','Facilities Management','Facility management typically include a wide range of function and support services, including janitorial services');
insert into temp_domain_values values ('survey','Facilities Management','Facility management typically include a wide range of function and support services, including janitorial services');
insert into temp_domain_values values ('switchgear','Facilities Management','Facility management typically include a wide range of function and support services, including janitorial services');
insert into temp_domain_values values ('Systems','Facilities Management','Facility management typically include a wide range of function and support services, including janitorial services');
insert into temp_domain_values values ('Taxi booking','Facilities Management','Facility management typically include a wide range of function and support services, including janitorial services');
insert into temp_domain_values values ('testing','Facilities Management','Facility management typically include a wide range of function and support services, including janitorial services');
insert into temp_domain_values values ('tree','Facilities Management','Facility management typically include a wide range of function and support services, including janitorial services');
insert into temp_domain_values values ('Trolley','Facilities Management','Facility management typically include a wide range of function and support services, including janitorial services');
insert into temp_domain_values values ('Vending','Facilities Management','Facility management typically include a wide range of function and support services, including janitorial services');
insert into temp_domain_values values ('Ventilation','Facilities Management','Facility management typically include a wide range of function and support services, including janitorial services');
insert into temp_domain_values values ('voice','Facilities Management','Facility management typically include a wide range of function and support services, including janitorial services');
insert into temp_domain_values values ('voltage','Facilities Management','Facility management typically include a wide range of function and support services, including janitorial services');
insert into temp_domain_values values ('wall','Facilities Management','Facility management typically include a wide range of function and support services, including janitorial services');
insert into temp_domain_values values ('Waste','Facilities Management','Facility management typically include a wide range of function and support services, including janitorial services');
insert into temp_domain_values values ('Water','Facilities Management','Facility management typically include a wide range of function and support services, including janitorial services');
insert into temp_domain_values values ('water feature','Facilities Management','Facility management typically include a wide range of function and support services, including janitorial services');
insert into temp_domain_values values ('Window ','Facilities Management','Facility management typically include a wide range of function and support services, including janitorial services');
insert into temp_domain_values values ('Windows','Facilities Management','Facility management typically include a wide range of function and support services, including janitorial services');
insert into temp_domain_values values ('Workplace','Facilities Management','Facility management typically include a wide range of function and support services, including janitorial services');
insert into temp_domain_values values ('Window ','Facilities Management','Facility management typically include a wide range of function and support services, including janitorial services');
insert into temp_domain_values values ('Windows','Facilities Management','Facility management typically include a wide range of function and support services, including janitorial services');
insert into temp_domain_values values ('Workplace','Facilities Management','Facility management typically include a wide range of function and support services, including janitorial services');
insert into temp_domain_values values ('Accommodation','Housing','Services in relation to housing requests');
insert into temp_domain_values values ('Adaptations','Housing','Services in relation to housing requests');
insert into temp_domain_values values ('Bin Areas','Housing','Services in relation to housing requests');
insert into temp_domain_values values ('Carbon Neutral Homes','Housing','Services in relation to housing requests');
insert into temp_domain_values values ('Care Homes','Housing','Services in relation to housing requests');
insert into temp_domain_values values ('Central Government Housing','Housing','Services in relation to housing requests');
insert into temp_domain_values values ('Certification','Housing','Services in relation to housing requests');
insert into temp_domain_values values ('Communal','Housing','Services in relation to housing requests');
insert into temp_domain_values values ('Community Housing Cymru (CHC),','Housing','Services in relation to housing requests');
insert into temp_domain_values values ('Corridors','Housing','Services in relation to housing requests');
insert into temp_domain_values values ('Decent Homes Standards 2006 ','Housing','Services in relation to housing requests');
insert into temp_domain_values values ('disability','Housing','Services in relation to housing requests');
insert into temp_domain_values values ('EPC','Housing','Services in relation to housing requests');
insert into temp_domain_values values ('FAM','Housing','Services in relation to housing requests');
insert into temp_domain_values values ('Fences and walls','Housing','Services in relation to housing requests');
insert into temp_domain_values values ('Foyers','Housing','Services in relation to housing requests');
insert into temp_domain_values values ('Garages','Housing','Services in relation to housing requests');
insert into temp_domain_values values ('Gardens','Housing','Services in relation to housing requests');
insert into temp_domain_values values ('Gas','Housing','Services in relation to housing requests');
insert into temp_domain_values values ('Grounds','Housing','Services in relation to housing requests');
insert into temp_domain_values values ('Homes England ','Housing','Services in relation to housing requests');
insert into temp_domain_values values ('Housing','Housing','Services in relation to housing requests');
insert into temp_domain_values values ('Housing and Planning Act 2016 ','Housing','Services in relation to housing requests');
insert into temp_domain_values values ('Housing Associations ','Housing','Services in relation to housing requests');
insert into temp_domain_values values ('Housing Co-operatives Housing Trusts ','Housing','Services in relation to housing requests');
insert into temp_domain_values values ('Housing Infrastructure ','Housing','Services in relation to housing requests');
insert into temp_domain_values values ('Housing maintenance','Housing','Services in relation to housing requests');
insert into temp_domain_values values ('Housing Management','Housing','Services in relation to housing requests');
insert into temp_domain_values values ('Housing Stock','Housing','Services in relation to housing requests');
insert into temp_domain_values values ('Housing Units','Housing','Services in relation to housing requests');
insert into temp_domain_values values ('Local Authority Housing ','Housing','Services in relation to housing requests');
insert into temp_domain_values values ('Local Housing Companies ','Housing','Services in relation to housing requests');
insert into temp_domain_values values ('Maintenance ','Housing','Services in relation to housing requests');
insert into temp_domain_values values ('Management','Housing','Services in relation to housing requests');
insert into temp_domain_values values ('National Housing Federation','Housing','Services in relation to housing requests');
insert into temp_domain_values values ('Occupation','Housing','Services in relation to housing requests');
insert into temp_domain_values values ('Outsourcing Playbook','Housing','Services in relation to housing requests');
insert into temp_domain_values values ('Pathways','Housing','Services in relation to housing requests');
insert into temp_domain_values values ('Play Areas','Housing','Services in relation to housing requests');
insert into temp_domain_values values ('Private Registered Providers (PRPs). ','Housing','Services in relation to housing requests');
insert into temp_domain_values values ('Property','Housing','Services in relation to housing requests');
insert into temp_domain_values values ('PRPs','Housing','Services in relation to housing requests');
insert into temp_domain_values values ('Public Sector Housing ','Housing','Services in relation to housing requests');
insert into temp_domain_values values ('Radon','Housing','Services in relation to housing requests');
insert into temp_domain_values values ('Reactive Repairs','Housing','Services in relation to housing requests');
insert into temp_domain_values values ('Recreational Facilities ','Housing','Services in relation to housing requests');
insert into temp_domain_values values ('Rent','Housing','Services in relation to housing requests');
insert into temp_domain_values values ('Rental','Housing','Services in relation to housing requests');
insert into temp_domain_values values ('Repair Maintenance and Improvement','Housing','Services in relation to housing requests');
insert into temp_domain_values values ('RMI','Housing','Services in relation to housing requests');
insert into temp_domain_values values ('Roadways','Housing','Services in relation to housing requests');
insert into temp_domain_values values ('Servicing','Housing','Services in relation to housing requests');
insert into temp_domain_values values ('Social Housing ','Housing','Services in relation to housing requests');
insert into temp_domain_values values ('Social Value','Housing','Services in relation to housing requests');
insert into temp_domain_values values ('Special need','Housing','Services in relation to housing requests');
insert into temp_domain_values values ('Stairs','Housing','Services in relation to housing requests');
insert into temp_domain_values values ('Stock Management ','Housing','Services in relation to housing requests');
insert into temp_domain_values values ('The Northern Ireland Federation of Housing Associations (NIFHA)','Housing','Services in relation to housing requests');
insert into temp_domain_values values ('The Scottish Federation of Housing Associations (SFHA)','Housing','Services in relation to housing requests');
insert into temp_domain_values values ('Vacant','Housing','Services in relation to housing requests');
insert into temp_domain_values values ('Void','Housing','Services in relation to housing requests');
insert into temp_domain_values values ('Rail Legal Services','Legal','Services involving Legal or Law related matters');
insert into temp_domain_values values ('construction','Legal','Services involving Legal or Law related matters');
insert into temp_domain_values values ('contract','Legal','Services involving Legal or Law related matters');
insert into temp_domain_values values ('DPS','Legal','Services involving Legal or Law related matters');
insert into temp_domain_values values ('finance','Legal','Services involving Legal or Law related matters');
insert into temp_domain_values values ('general legal','Legal','Services involving Legal or Law related matters');
insert into temp_domain_values values ('General Legal Advice Services','Legal','Services involving Legal or Law related matters');
insert into temp_domain_values values ('government legal advisory','Legal','Services involving Legal or Law related matters');
insert into temp_domain_values values ('Interims','Legal','Services involving Legal or Law related matters');
insert into temp_domain_values values ('IP Exploitation','Legal','Services involving Legal or Law related matters');
insert into temp_domain_values values ('land','Legal','Services involving Legal or Law related matters');
insert into temp_domain_values values ('lega','Legal','Services involving Legal or Law related matters');
insert into temp_domain_values values ('legal','Legal','Services involving Legal or Law related matters');
insert into temp_domain_values values ('legal advice','Legal','Services involving Legal or Law related matters');
insert into temp_domain_values values ('legal advice services','Legal','Services involving Legal or Law related matters');
insert into temp_domain_values values ('legal case','Legal','Services involving Legal or Law related matters');
insert into temp_domain_values values ('legal service','Legal','Services involving Legal or Law related matters');
insert into temp_domain_values values ('legal services','Legal','Services involving Legal or Law related matters');
insert into temp_domain_values values ('Legal advice','Legal','Services involving Legal or Law related matters');
insert into temp_domain_values values ('legal advice services','Legal','Services involving Legal or Law related matters');
insert into temp_domain_values values ('legal case','Legal','Services involving Legal or Law related matters');
insert into temp_domain_values values ('legal service','Legal','Services involving Legal or Law related matters');
insert into temp_domain_values values ('panel','Legal','Services involving Legal or Law related matters');
insert into temp_domain_values values ('property','Legal','Services involving Legal or Law related matters');
insert into temp_domain_values values ('property legal','Legal','Services involving Legal or Law related matters');
insert into temp_domain_values values ('public sector','Legal','Services involving Legal or Law related matters');
insert into temp_domain_values values ('rail','Legal','Services involving Legal or Law related matters');
insert into temp_domain_values values ('rail legal','Legal','Services involving Legal or Law related matters');
insert into temp_domain_values values ('rail legal services ','Legal','Services involving Legal or Law related matters');
insert into temp_domain_values values ('strategy','Legal','Services involving Legal or Law related matters');
insert into temp_domain_values values ('trade panel','Legal','Services involving Legal or Law related matters');
insert into temp_domain_values values ('transport','Legal','Services involving Legal or Law related matters');
insert into temp_domain_values values ('wider','Legal','Services involving Legal or Law related matters');
insert into temp_domain_values values ('wider public ','Legal','Services involving Legal or Law related matters');
insert into temp_domain_values values ('wider public sector','Legal','Services involving Legal or Law related matters');
insert into temp_domain_values values ('WPS ','Legal','Services involving Legal or Law related matters');
insert into temp_domain_values values ('wps le','Legal','Services involving Legal or Law related matters');
insert into temp_domain_values values ('wps legal','Legal','Services involving Legal or Law related matters');
insert into temp_domain_values values ('Law','Legal','Services involving Legal or Law related matters');
insert into temp_domain_values values ('Lawyer','Legal','Services involving Legal or Law related matters');
insert into temp_domain_values values ('Legal Counsel','Legal','Services involving Legal or Law related matters');
insert into temp_domain_values values ('Litigation','Legal','Services involving Legal or Law related matters');
insert into temp_domain_values values ('Disputes','Legal','Services involving Legal or Law related matters');
insert into temp_domain_values values ('Legal Representation','Legal','Services involving Legal or Law related matters');
insert into temp_domain_values values ('Solicitor','Legal','Services involving Legal or Law related matters');
insert into temp_domain_values values ('Tribunal','Legal','Services involving Legal or Law related matters');
insert into temp_domain_values values ('Negotiation','Legal','Services involving Legal or Law related matters');
insert into temp_domain_values values ('Conveyancing','Legal','Services involving Legal or Law related matters');
insert into temp_domain_values values ('Drafting','Legal','Services involving Legal or Law related matters');
insert into temp_domain_values values ('Statutes','Legal','Services involving Legal or Law related matters');
insert into temp_domain_values values ('Precedents','Legal','Services involving Legal or Law related matters');
insert into temp_domain_values values ('Disclosure','Legal','Services involving Legal or Law related matters');
insert into temp_domain_values values ('Discovery','Legal','Services involving Legal or Law related matters');
insert into temp_domain_values values ('e-Disclosure','Legal','Services involving Legal or Law related matters');
insert into temp_domain_values values ('e-Discovery','Legal','Services involving Legal or Law related matters');
insert into temp_domain_values values ('costs draftman','Legal','Services involving Legal or Law related matters');
insert into temp_domain_values values ('draftsman','Legal','Services involving Legal or Law related matters');
insert into temp_domain_values values ('eDisclosure','Legal','Services involving Legal or Law related matters');
/*
select * from temp_domain_values
where domain_name in ('Technology','Legal','Linen','Software')

select max(length(search_term)) from temp_domain_values

select distinct domain_name from temp_domain_values;
*/

delete from search_terms;
insert into search_terms (search_term) 
select  distinct lower(search_term) 
from    temp_domain_values
where   domain_name in ('Technology','Legal','Linen','Software','Security','Housing','Facilities Management');

delete from search_domains;
insert into search_domains (search_id,journey_id,modifier_journey_name,journey_selection_text,journey_selection_description)
select distinct st.search_id,
       tj.journey_uuid,
	   td.domain_name,
	   td.domain_name,
	   td.domain_desc
from   search_terms st
join   temp_domain_values td on lower(td.search_term) = st.search_term
join   temp_journeys tj on tj.domain_name = td.domain_name;

drop table if exists temp_domain_values;								 
drop table if exists temp_journeys;
